code,system
M282000,readv2
M28y100,readv2
M280.00,readv2
M28y.11,readv2
M28z.00,readv2
M284.00,readv2
M281.00,readv2
M285.00,readv2
M287.00,readv2
M280.11,readv2
M286.00,readv2
M28y000,readv2
M28y200,readv2
M282z00,readv2
M282.00,readv2
M282111,readv2
M283.11,readv2
2F8Z.00,readv2
PH32100,readv2
M283.00,readv2
Myu4.00,readv2
M12A200,readv2
M28..00,readv2
M282100,readv2
51725.0,readv2
20986.0,readv2
43163.0,readv2
11883.0,readv2
15310.0,readv2
49257.0,readv2
45386.0,readv2
1869.0,readv2
7244.0,readv2
70628.0,readv2
1272.0,readv2
6400.0,readv2
17710.0,readv2
38554.0,readv2
50836.0,readv2
9041.0,readv2
8948.0,readv2
1594.0,readv2
65374.0,readv2
15138.0,readv2
23645.0,readv2
39255.0,readv2
7031.0,readv2
1876.0,readv2
6678.0,readv2
20919.0,readv2
7651.0,readv2
24845.0,readv2
16294.0,readv2
30016.0,readv2
L50,readv2
2F8..00,readv2
2F82.00,readv2
M28z.11,readv2
M28y.00,readv2
M28yz00,readv2
Myu4000,readv2